INSERT INTO matrixauth.application (name, token, dataSourceName, cacheName) VALUES ('app01', 'tokenForApp01', 'ds01', 'redis01');
INSERT INTO matrixauth.application (name, token, dataSourceName, cacheName) VALUES ('app02', 'tokenForApp02', null, 'redis01');
INSERT INTO matrixauth.cache (name, url, password) VALUES ('redis01', '127.0.0.1:6379', null);
INSERT INTO matrixauth.datasource (name, url, driver, userName, password) VALUES ('ds01', 'jdbc:mysql://localhost:3306/ds01?serverTimezone=GMT%2B8', 'com.mysql.cj.jdbc.Driver', 'root', 'yeecode');
INSERT INTO matrixauth.permission (id, appName, name, code, description) VALUES (1, 'app02', 'permission03', 'PM_03', null);
INSERT INTO matrixauth.permission (id, appName, name, code, description) VALUES (2, 'app02', 'permission04', 'PM_04', null);
INSERT INTO matrixauth.role (id, appName, name, parentId, description, type) VALUES (1, 'app02', 'role03', null, 'role description', 'InterfaceAndBusinessAppControlled');
INSERT INTO matrixauth.role (id, appName, name, parentId, description, type) VALUES (2, 'app02', 'role04', null, 'role description', 'InterfaceAndBusinessAppControlled');
INSERT INTO matrixauth.role_x_permission (roleId, permissionId) VALUES (1, 1);
INSERT INTO matrixauth.role_x_permission (roleId, permissionId) VALUES (1, 2);
INSERT INTO matrixauth.role_x_permission (roleId, permissionId) VALUES (2, 1);
INSERT INTO matrixauth.role_x_permission (roleId, permissionId) VALUES (2, 2);
INSERT INTO matrixauth.user (appName, `key`, name) VALUES ('app02', 'user03', 'top');
INSERT INTO matrixauth.user (appName, `key`, name) VALUES ('app02', 'user04', 'yeecode');
INSERT INTO matrixauth.user_x_permission (fullUserKey, permissions) VALUES ('app02-user03', 'PM_03;PM_04');
INSERT INTO matrixauth.user_x_permission (fullUserKey, permissions) VALUES ('app02-user04', 'PM_03;PM_04');
INSERT INTO matrixauth.user_x_role (fullUserKey, roleId) VALUES ('app02-user03', 1);
INSERT INTO matrixauth.user_x_role (fullUserKey, roleId) VALUES ('app02-user03', 2);
INSERT INTO matrixauth.user_x_role (fullUserKey, roleId) VALUES ('app02-user04', 2);